schools_1km,hospitals_1km,transit_1km,Outlet_ID
0,0,0,OUT_00001
1,0,0,OUT_00002
0,0,0,OUT_00003
0,0,0,OUT_00004
1,0,0,OUT_00005
0,0,0,OUT_00006
0,0,0,OUT_00007
0,0,0,OUT_00008
0,0,0,OUT_00009
11,5,25,OUT_00010
0,0,0,OUT_00011
0,0,0,OUT_00012
0,0,5,OUT_00013
2,0,0,OUT_00014
0,0,0,OUT_00015
0,0,0,OUT_00016
1,0,0,OUT_00017
0,0,0,OUT_00018
0,0,0,OUT_00019
0,1,0,OUT_00020
0,0,0,OUT_00021
0,0,0,OUT_00022
1,0,0,OUT_00023
0,0,0,OUT_00024
0,0,0,OUT_00025
14,1,14,OUT_00026
0,0,0,OUT_00027
0,0,0,OUT_00028
4,2,2,OUT_00029
0,0,0,OUT_00030
0,0,0,OUT_00031
0,0,5,OUT_00032
0,0,0,OUT_00033
1,0,0,OUT_00034
0,0,0,OUT_00035
0,0,0,OUT_00036
0,0,0,OUT_00037
0,0,0,OUT_00038
0,0,0,OUT_00039
7,0,7,OUT_00040
0,0,0,OUT_00041
0,0,0,OUT_00042
0,0,0,OUT_00043
10,0,6,OUT_00044
3,0,3,OUT_00045
0,0,0,OUT_00046
1,0,0,OUT_00047
1,0,0,OUT_00048
1,0,0,OUT_00049
0,0,2,OUT_00050
0,0,0,OUT_00051
0,0,0,OUT_00052
0,0,0,OUT_00053
2,0,0,OUT_00054
1,0,0,OUT_00055
0,1,0,OUT_00056
0,0,0,OUT_00057
0,0,0,OUT_00058
0,0,0,OUT_00059
0,0,1,OUT_00060
0,0,0,OUT_00061
1,0,0,OUT_00062
0,0,0,OUT_00063
0,0,0,OUT_00064
0,0,0,OUT_00065
0,0,0,OUT_00066
0,0,0,OUT_00067
0,0,0,OUT_00068
3,0,0,OUT_00069
2,1,4,OUT_00070
0,0,1,OUT_00071
0,0,0,OUT_00072
0,0,0,OUT_00073
2,0,8,OUT_00074
0,0,0,OUT_00075
0,0,1,OUT_00076
0,0,0,OUT_00077
1,0,17,OUT_00078
1,0,0,OUT_00079
0,0,0,OUT_00080
0,0,0,OUT_00081
2,0,0,OUT_00082
0,0,0,OUT_00083
0,0,2,OUT_00084
0,0,0,OUT_00085
1,0,0,OUT_00086
0,0,0,OUT_00087
0,0,0,OUT_00088
1,0,4,OUT_00089
0,0,0,OUT_00090
0,0,1,OUT_00091
0,0,0,OUT_00092
1,0,0,OUT_00093
3,2,7,OUT_00094
0,0,0,OUT_00095
0,0,0,OUT_00096
0,0,0,OUT_00097
0,0,0,OUT_00098
1,0,7,OUT_00099
2,0,10,OUT_00100
0,0,0,OUT_00101
0,0,0,OUT_00102
0,0,0,OUT_00103
5,3,7,OUT_00104
3,0,1,OUT_00105
0,0,0,OUT_00106
0,0,0,OUT_00107
0,0,1,OUT_00108
0,0,0,OUT_00109
0,0,0,OUT_00110
0,0,0,OUT_00111
0,0,0,OUT_00112
2,0,9,OUT_00113
0,0,0,OUT_00114
2,1,2,OUT_00115
0,0,4,OUT_00116
0,0,1,OUT_00117
0,1,1,OUT_00118
2,0,0,OUT_00119
0,0,0,OUT_00120
0,0,0,OUT_00121
0,0,0,OUT_00122
0,0,0,OUT_00123
0,0,0,OUT_00124
0,0,9,OUT_00125
0,0,0,OUT_00126
0,0,0,OUT_00127
3,0,1,OUT_00128
1,0,0,OUT_00129
12,1,0,OUT_00130
0,0,0,OUT_00131
0,0,2,OUT_00132
0,0,0,OUT_00133
0,0,0,OUT_00134
3,0,8,OUT_00135
0,0,0,OUT_00136
0,0,0,OUT_00137
0,0,0,OUT_00138
1,0,0,OUT_00139
1,1,0,OUT_00140
0,0,0,OUT_00141
0,0,0,OUT_00142
0,0,0,OUT_00143
2,0,0,OUT_00144
2,1,0,OUT_00145
4,0,0,OUT_00146
1,0,0,OUT_00147
0,0,0,OUT_00148
0,0,0,OUT_00149
0,0,0,OUT_00150
2,0,1,OUT_00151
2,1,3,OUT_00152
1,0,0,OUT_00153
1,1,0,OUT_00154
0,0,0,OUT_00155
0,0,0,OUT_00156
0,0,0,OUT_00157
0,0,0,OUT_00158
0,0,7,OUT_00159
1,0,0,OUT_00160
0,0,0,OUT_00161
0,0,0,OUT_00162
0,1,0,OUT_00163
0,0,0,OUT_00164
1,0,0,OUT_00165
1,0,0,OUT_00166
0,0,0,OUT_00167
2,0,0,OUT_00168
2,1,1,OUT_00169
0,0,0,OUT_00170
0,0,0,OUT_00171
2,0,4,OUT_00172
0,0,0,OUT_00173
0,0,0,OUT_00174
0,0,1,OUT_00175
1,0,1,OUT_00176
0,0,0,OUT_00177
0,0,0,OUT_00178
4,3,0,OUT_00179
0,0,0,OUT_00180
0,0,0,OUT_00181
0,0,0,OUT_00182
0,0,0,OUT_00183
0,0,0,OUT_00184
0,0,0,OUT_00185
0,0,0,OUT_00186
0,0,0,OUT_00187
1,0,2,OUT_00188
0,0,0,OUT_00189
5,3,11,OUT_00190
0,0,0,OUT_00191
0,0,0,OUT_00192
0,0,0,OUT_00193
0,0,0,OUT_00194
0,0,0,OUT_00195
7,3,2,OUT_00196
0,0,0,OUT_00197
0,0,0,OUT_00198
0,0,0,OUT_00199
0,0,0,OUT_00200
0,0,0,OUT_00201
1,0,7,OUT_00202
0,0,0,OUT_00203
0,0,0,OUT_00204
0,0,0,OUT_00205
0,0,0,OUT_00206
0,0,0,OUT_00207
1,0,1,OUT_00208
0,0,0,OUT_00209
0,1,0,OUT_00210
0,0,0,OUT_00211
0,0,1,OUT_00212
0,0,0,OUT_00213
1,0,0,OUT_00214
1,0,0,OUT_00215
0,0,0,OUT_00216
0,0,0,OUT_00217
0,0,0,OUT_00218
0,0,0,OUT_00219
0,0,0,OUT_00220
0,0,0,OUT_00221
1,0,0,OUT_00222
0,0,0,OUT_00223
0,1,2,OUT_00224
0,0,0,OUT_00225
0,0,0,OUT_00226
0,0,0,OUT_00227
0,0,0,OUT_00228
0,0,0,OUT_00229
0,0,0,OUT_00230
0,0,0,OUT_00231
0,0,0,OUT_00232
0,0,0,OUT_00233
0,0,0,OUT_00234
0,0,0,OUT_00235
1,0,4,OUT_00236
0,0,4,OUT_00237
0,0,0,OUT_00238
0,0,0,OUT_00239
1,0,1,OUT_00240
0,0,0,OUT_00241
1,0,1,OUT_00242
0,0,0,OUT_00243
0,0,0,OUT_00244
0,0,0,OUT_00245
4,2,30,OUT_00246
2,1,0,OUT_00247
0,0,0,OUT_00248
0,0,0,OUT_00249
0,0,1,OUT_00250
0,0,1,OUT_00251
0,0,0,OUT_00252
0,0,0,OUT_00253
2,0,0,OUT_00254
2,1,13,OUT_00255
0,0,0,OUT_00256
1,0,0,OUT_00257
0,0,0,OUT_00258
0,0,0,OUT_00259
0,0,0,OUT_00260
0,0,0,OUT_00261
13,1,15,OUT_00262
0,0,0,OUT_00263
0,0,0,OUT_00264
0,0,0,OUT_00265
1,0,0,OUT_00266
0,0,1,OUT_00267
0,0,0,OUT_00268
1,0,0,OUT_00269
0,0,0,OUT_00270
0,0,0,OUT_00271
0,0,0,OUT_00272
0,0,0,OUT_00273
0,0,0,OUT_00274
0,0,0,OUT_00275
1,1,11,OUT_00276
0,0,0,OUT_00277
0,0,0,OUT_00278
0,0,0,OUT_00279
2,1,0,OUT_00280
0,0,0,OUT_00281
0,0,0,OUT_00282
1,0,0,OUT_00283
0,0,10,OUT_00284
0,0,0,OUT_00285
1,0,0,OUT_00286
0,0,0,OUT_00287
0,0,0,OUT_00288
0,0,0,OUT_00289
0,0,0,OUT_00290
1,0,8,OUT_00291
0,0,0,OUT_00292
0,0,0,OUT_00293
0,0,0,OUT_00294
2,1,0,OUT_00295
0,0,0,OUT_00296
1,0,1,OUT_00297
0,0,0,OUT_00298
0,0,1,OUT_00299
0,0,0,OUT_00300
0,0,0,OUT_00301
0,0,1,OUT_00302
36,8,12,OUT_00303
0,0,0,OUT_00304
0,0,0,OUT_00305
0,0,0,OUT_00306
1,0,1,OUT_00307
0,0,0,OUT_00308
0,0,0,OUT_00309
10,0,3,OUT_00310
0,0,0,OUT_00311
0,0,0,OUT_00312
1,0,1,OUT_00313
0,0,0,OUT_00314
0,0,1,OUT_00315
0,0,3,OUT_00316
0,0,0,OUT_00317
0,0,0,OUT_00318
0,0,0,OUT_00319
0,0,0,OUT_00320
1,0,0,OUT_00321
0,0,0,OUT_00322
2,0,5,OUT_00323
0,0,0,OUT_00324
0,0,0,OUT_00325
1,0,0,OUT_00326
0,0,0,OUT_00327
5,1,4,OUT_00328
0,0,0,OUT_00329
0,0,0,OUT_00330
0,0,0,OUT_00331
1,0,2,OUT_00332
4,1,4,OUT_00333
0,0,0,OUT_00334
2,0,0,OUT_00335
0,0,0,OUT_00336
3,3,2,OUT_00337
0,0,0,OUT_00338
0,1,0,OUT_00339
0,0,0,OUT_00340
0,0,0,OUT_00341
0,0,0,OUT_00342
1,0,0,OUT_00343
2,0,0,OUT_00344
0,0,0,OUT_00345
0,0,0,OUT_00346
1,0,0,OUT_00347
0,0,0,OUT_00348
0,0,0,OUT_00349
0,0,0,OUT_00350
0,0,0,OUT_00351
0,0,0,OUT_00352
0,0,1,OUT_00353
1,0,0,OUT_00354
0,0,0,OUT_00355
1,0,0,OUT_00356
0,0,0,OUT_00357
9,0,5,OUT_00358
1,0,0,OUT_00359
1,0,0,OUT_00360
0,0,0,OUT_00361
0,0,0,OUT_00362
0,0,0,OUT_00363
1,1,0,OUT_00364
0,0,0,OUT_00365
1,0,0,OUT_00366
0,0,0,OUT_00367
0,0,0,OUT_00368
0,0,0,OUT_00369
0,0,0,OUT_00370
0,0,0,OUT_00371
0,0,0,OUT_00372
1,0,0,OUT_00373
5,3,14,OUT_00374
0,0,0,OUT_00375
0,0,0,OUT_00376
0,0,0,OUT_00377
1,0,0,OUT_00378
0,0,0,OUT_00379
0,0,0,OUT_00380
5,1,5,OUT_00381
0,0,0,OUT_00382
0,0,0,OUT_00383
1,0,0,OUT_00384
1,0,0,OUT_00385
0,0,0,OUT_00386
0,0,0,OUT_00387
2,0,5,OUT_00388
2,1,7,OUT_00389
1,0,0,OUT_00390
0,0,0,OUT_00391
0,0,0,OUT_00392
0,0,0,OUT_00393
0,0,0,OUT_00394
0,0,0,OUT_00395
1,0,0,OUT_00396
1,0,5,OUT_00397
0,0,2,OUT_00398
11,1,16,OUT_00399
1,0,0,OUT_00400
0,0,0,OUT_00401
0,0,1,OUT_00402
1,1,0,OUT_00403
0,0,0,OUT_00404
0,0,0,OUT_00405
0,0,0,OUT_00406
0,0,0,OUT_00407
0,0,0,OUT_00408
0,0,0,OUT_00409
0,0,0,OUT_00410
0,0,1,OUT_00411
0,0,1,OUT_00412
0,0,0,OUT_00413
0,0,0,OUT_00414
0,0,0,OUT_00415
0,0,1,OUT_00416
1,0,0,OUT_00417
0,0,0,OUT_00418
2,0,0,OUT_00419
0,0,0,OUT_00420
0,0,0,OUT_00421
0,0,0,OUT_00422
0,0,0,OUT_00423
0,0,0,OUT_00424
0,0,0,OUT_00425
0,0,0,OUT_00426
0,0,0,OUT_00427
0,0,0,OUT_00428
2,0,0,OUT_00429
0,1,0,OUT_00430
0,0,0,OUT_00431
0,0,0,OUT_00432
0,0,0,OUT_00433
0,0,0,OUT_00434
0,0,0,OUT_00435
0,0,0,OUT_00436
0,0,0,OUT_00437
0,0,0,OUT_00438
0,0,0,OUT_00439
0,0,0,OUT_00440
0,0,0,OUT_00441
9,3,9,OUT_00442
0,0,0,OUT_00443
0,0,0,OUT_00444
0,0,0,OUT_00445
0,0,0,OUT_00446
0,0,2,OUT_00447
0,0,0,OUT_00448
1,0,0,OUT_00449
0,0,0,OUT_00450
1,0,0,OUT_00451
1,1,1,OUT_00452
0,0,0,OUT_00453
8,3,8,OUT_00454
0,0,0,OUT_00455
0,0,0,OUT_00456
0,0,0,OUT_00457
0,0,0,OUT_00458
1,0,0,OUT_00459
0,0,0,OUT_00460
2,0,0,OUT_00461
1,0,4,OUT_00462
0,0,0,OUT_00463
1,2,5,OUT_00464
0,0,0,OUT_00465
1,0,0,OUT_00466
0,0,0,OUT_00467
0,0,0,OUT_00468
0,0,0,OUT_00469
0,0,0,OUT_00470
0,0,0,OUT_00471
0,0,0,OUT_00472
0,0,0,OUT_00473
1,0,0,OUT_00474
0,0,0,OUT_00475
0,0,0,OUT_00476
0,0,0,OUT_00477
0,0,0,OUT_00478
0,0,0,OUT_00479
1,0,4,OUT_00480
0,0,1,OUT_00481
1,0,0,OUT_00482
9,0,7,OUT_00483
3,0,0,OUT_00484
0,0,0,OUT_00485
7,0,2,OUT_00486
0,0,0,OUT_00487
1,1,0,OUT_00488
0,0,0,OUT_00489
0,0,0,OUT_00490
2,0,2,OUT_00491
0,0,0,OUT_00492
0,0,0,OUT_00493
1,0,0,OUT_00494
1,0,4,OUT_00495
2,1,0,OUT_00496
0,0,6,OUT_00497
0,0,0,OUT_00498
0,0,0,OUT_00499
0,0,0,OUT_00500
0,0,0,OUT_00501
1,0,0,OUT_00502
0,0,0,OUT_00503
3,0,7,OUT_00504
0,0,0,OUT_00505
1,1,0,OUT_00506
1,0,0,OUT_00507
0,0,5,OUT_00508
0,0,0,OUT_00509
0,0,0,OUT_00510
0,0,0,OUT_00511
0,0,0,OUT_00512
0,0,1,OUT_00513
0,0,3,OUT_00514
0,0,0,OUT_00515
4,0,1,OUT_00516
0,0,0,OUT_00517
0,0,0,OUT_00518
1,0,0,OUT_00519
0,0,0,OUT_00520
18,1,11,OUT_00521
1,0,2,OUT_00522
0,0,0,OUT_00523
27,1,13,OUT_00524
0,0,0,OUT_00525
0,0,0,OUT_00526
0,0,0,OUT_00527
1,0,1,OUT_00528
0,0,0,OUT_00529
0,0,1,OUT_00530
0,0,0,OUT_00531
0,0,0,OUT_00532
0,0,0,OUT_00533
0,0,0,OUT_00534
3,0,2,OUT_00535
0,0,0,OUT_00536
0,0,0,OUT_00537
0,0,0,OUT_00538
0,0,0,OUT_00539
0,0,0,OUT_00540
0,0,0,OUT_00541
0,0,0,OUT_00542
0,0,0,OUT_00543
0,0,0,OUT_00544
1,0,0,OUT_00545
1,0,0,OUT_00546
0,0,0,OUT_00547
0,0,0,OUT_00548
3,0,6,OUT_00549
0,0,0,OUT_00550
4,2,8,OUT_00551
0,0,1,OUT_00552
0,0,0,OUT_00553
0,0,0,OUT_00554
0,0,2,OUT_00555
1,0,0,OUT_00556
0,0,0,OUT_00557
0,0,0,OUT_00558
1,0,0,OUT_00559
0,0,0,OUT_00560
0,0,0,OUT_00561
2,0,0,OUT_00562
1,0,1,OUT_00563
0,0,0,OUT_00564
0,0,0,OUT_00565
0,0,0,OUT_00566
0,1,0,OUT_00567
1,1,0,OUT_00568
1,1,0,OUT_00569
0,0,0,OUT_00570
0,0,0,OUT_00571
5,1,0,OUT_00572
0,0,0,OUT_00573
0,0,0,OUT_00574
1,0,0,OUT_00575
0,0,0,OUT_00576
2,0,0,OUT_00577
0,0,0,OUT_00578
2,3,4,OUT_00579
0,0,0,OUT_00580
0,0,0,OUT_00581
0,0,0,OUT_00582
0,0,0,OUT_00583
0,0,0,OUT_00584
0,0,0,OUT_00585
0,0,0,OUT_00586
0,0,0,OUT_00587
0,0,0,OUT_00588
3,0,8,OUT_00589
0,0,1,OUT_00590
1,1,1,OUT_00591
14,1,14,OUT_00592
1,1,3,OUT_00593
0,0,0,OUT_00594
0,0,0,OUT_00595
0,0,0,OUT_00596
0,0,0,OUT_00597
1,0,0,OUT_00598
0,0,0,OUT_00599
0,0,0,OUT_00600
1,0,1,OUT_00601
0,0,0,OUT_00602
1,0,2,OUT_00603
13,2,11,OUT_00604
2,2,5,OUT_00605
0,0,0,OUT_00606
0,0,0,OUT_00607
0,0,0,OUT_00608
1,2,0,OUT_00609
0,0,0,OUT_00610
2,1,1,OUT_00611
0,1,0,OUT_00612
0,0,8,OUT_00613
1,0,0,OUT_00614
0,0,0,OUT_00615
2,1,4,OUT_00616
0,0,0,OUT_00617
0,0,0,OUT_00618
0,0,0,OUT_00619
0,0,0,OUT_00620
0,0,0,OUT_00621
0,0,0,OUT_00622
0,0,0,OUT_00623
0,0,0,OUT_00624
0,0,0,OUT_00625
0,0,0,OUT_00626
0,0,0,OUT_00627
0,0,0,OUT_00628
0,0,0,OUT_00629
0,1,0,OUT_00630
0,0,0,OUT_00631
0,0,0,OUT_00632
0,0,0,OUT_00633
8,0,4,OUT_00634
0,0,0,OUT_00635
1,0,0,OUT_00636
2,0,6,OUT_00637
0,0,2,OUT_00638
0,0,1,OUT_00639
1,0,0,OUT_00640
0,0,0,OUT_00641
0,0,0,OUT_00642
1,0,2,OUT_00643
0,0,0,OUT_00644
8,0,9,OUT_00645
0,0,1,OUT_00646
0,0,0,OUT_00647
0,0,0,OUT_00648
2,0,0,OUT_00649
0,0,0,OUT_00650
0,0,0,OUT_00651
2,0,6,OUT_00652
0,0,0,OUT_00653
1,0,4,OUT_00654
1,0,0,OUT_00655
0,0,5,OUT_00656
0,0,0,OUT_00657
0,0,0,OUT_00658
0,0,0,OUT_00659
0,0,0,OUT_00660
1,1,0,OUT_00661
0,0,0,OUT_00662
0,0,2,OUT_00663
6,3,20,OUT_00664
1,0,0,OUT_00665
0,0,0,OUT_00666
0,0,0,OUT_00667
1,0,0,OUT_00668
2,0,5,OUT_00669
0,0,0,OUT_00670
0,0,0,OUT_00671
0,0,0,OUT_00672
3,0,3,OUT_00673
0,0,0,OUT_00674
0,0,0,OUT_00675
0,0,3,OUT_00676
4,3,4,OUT_00677
0,0,0,OUT_00678
0,1,0,OUT_00679
0,0,0,OUT_00680
0,0,0,OUT_00681
10,0,16,OUT_00682
1,0,8,OUT_00683
1,0,0,OUT_00684
1,0,0,OUT_00685
0,0,0,OUT_00686
1,0,0,OUT_00687
0,0,0,OUT_00688
1,0,1,OUT_00689
1,0,0,OUT_00690
0,0,1,OUT_00691
0,0,0,OUT_00692
0,0,0,OUT_00693
4,0,8,OUT_00694
0,0,0,OUT_00695
0,0,0,OUT_00696
2,2,5,OUT_00697
0,0,0,OUT_00698
0,0,0,OUT_00699
0,0,8,OUT_00700
0,0,0,OUT_00701
0,0,0,OUT_00702
0,0,0,OUT_00703
0,0,4,OUT_00704
0,0,0,OUT_00705
0,0,0,OUT_00706
0,0,0,OUT_00707
2,1,0,OUT_00708
0,0,0,OUT_00709
0,0,0,OUT_00710
0,0,0,OUT_00711
0,0,0,OUT_00712
0,0,0,OUT_00713
0,0,0,OUT_00714
0,0,0,OUT_00715
0,0,0,OUT_00716
0,0,0,OUT_00717
0,0,3,OUT_00718
0,0,0,OUT_00719
0,0,0,OUT_00720
2,0,3,OUT_00721
1,0,1,OUT_00722
0,0,0,OUT_00723
0,0,0,OUT_00724
0,0,0,OUT_00725
0,0,0,OUT_00726
0,0,0,OUT_00727
0,0,1,OUT_00728
0,0,0,OUT_00729
0,0,0,OUT_00730
2,0,0,OUT_00731
0,0,0,OUT_00732
0,0,0,OUT_00733
0,0,0,OUT_00734
0,0,0,OUT_00735
0,0,3,OUT_00736
0,0,0,OUT_00737
0,0,0,OUT_00738
0,0,6,OUT_00739
1,0,0,OUT_00740
2,3,4,OUT_00741
1,0,0,OUT_00742
2,0,0,OUT_00743
0,0,0,OUT_00744
0,0,0,OUT_00745
1,0,0,OUT_00746
0,0,0,OUT_00747
0,0,0,OUT_00748
0,0,0,OUT_00749
0,0,0,OUT_00750
0,1,3,OUT_00751
0,0,0,OUT_00752
0,0,0,OUT_00753
0,0,0,OUT_00754
0,0,0,OUT_00755
4,0,8,OUT_00756
0,0,0,OUT_00757
1,0,0,OUT_00758
0,1,0,OUT_00759
0,0,0,OUT_00760
5,2,0,OUT_00761
6,0,19,OUT_00762
0,0,0,OUT_00763
0,0,20,OUT_00764
0,0,0,OUT_00765
0,0,0,OUT_00766
0,0,0,OUT_00767
2,3,0,OUT_00768
0,0,0,OUT_00769
12,1,0,OUT_00770
2,0,1,OUT_00771
0,0,0,OUT_00772
0,0,0,OUT_00773
2,0,0,OUT_00774
0,0,0,OUT_00775
0,0,0,OUT_00776
1,0,0,OUT_00777
0,0,0,OUT_00778
0,0,0,OUT_00779
0,0,0,OUT_00780
4,0,3,OUT_00781
4,1,11,OUT_00782
0,0,0,OUT_00783
4,0,3,OUT_00784
0,0,0,OUT_00785
1,0,1,OUT_00786
0,0,0,OUT_00787
1,0,0,OUT_00788
0,0,0,OUT_00789
0,0,3,OUT_00790
0,0,0,OUT_00791
2,0,6,OUT_00792
0,0,0,OUT_00793
0,0,0,OUT_00794
2,0,0,OUT_00795
0,0,0,OUT_00796
0,0,0,OUT_00797
0,0,0,OUT_00798
1,1,1,OUT_00799
0,0,0,OUT_00800
0,0,0,OUT_00801
0,0,0,OUT_00802
0,0,0,OUT_00803
1,0,0,OUT_00804
0,0,0,OUT_00805
0,0,0,OUT_00806
0,0,0,OUT_00807
0,0,0,OUT_00808
0,0,0,OUT_00809
0,0,0,OUT_00810
0,0,0,OUT_00811
0,0,0,OUT_00812
0,0,0,OUT_00813
0,0,0,OUT_00814
0,2,1,OUT_00815
1,0,3,OUT_00816
1,0,2,OUT_00817
2,0,1,OUT_00818
0,0,0,OUT_00819
1,0,5,OUT_00820
0,0,0,OUT_00821
1,0,0,OUT_00822
1,2,2,OUT_00823
0,0,0,OUT_00824
1,0,0,OUT_00825
0,0,0,OUT_00826
0,0,2,OUT_00827
0,0,0,OUT_00828
2,1,1,OUT_00829
0,0,0,OUT_00830
1,0,0,OUT_00831
0,0,0,OUT_00832
1,0,0,OUT_00833
3,1,13,OUT_00834
0,0,0,OUT_00835
0,0,0,OUT_00836
0,0,0,OUT_00837
0,0,0,OUT_00838
1,0,0,OUT_00839
0,0,0,OUT_00840
18,6,13,OUT_00841
0,0,0,OUT_00842
0,0,0,OUT_00843
0,0,0,OUT_00844
0,0,0,OUT_00845
0,0,0,OUT_00846
2,1,0,OUT_00847
0,0,0,OUT_00848
0,0,2,OUT_00849
0,0,0,OUT_00850
1,1,0,OUT_00851
0,0,0,OUT_00852
0,0,0,OUT_00853
0,0,0,OUT_00854
0,0,0,OUT_00855
1,0,3,OUT_00856
1,3,1,OUT_00857
0,0,1,OUT_00858
0,0,0,OUT_00859
0,0,0,OUT_00860
0,0,0,OUT_00861
0,0,0,OUT_00862
0,0,0,OUT_00863
0,0,0,OUT_00864
3,2,4,OUT_00865
2,1,5,OUT_00866
3,1,1,OUT_00867
1,0,0,OUT_00868
0,0,0,OUT_00869
12,2,10,OUT_00870
1,0,1,OUT_00871
2,0,0,OUT_00872
0,0,0,OUT_00873
0,0,0,OUT_00874
0,0,0,OUT_00875
22,4,19,OUT_00876
11,8,25,OUT_00877
0,1,0,OUT_00878
3,0,1,OUT_00879
0,0,0,OUT_00880
1,0,0,OUT_00881
0,0,0,OUT_00882
3,0,0,OUT_00883
1,0,1,OUT_00884
0,0,0,OUT_00885
0,0,0,OUT_00886
0,0,0,OUT_00887
0,0,0,OUT_00888
0,0,0,OUT_00889
0,1,0,OUT_00890
0,0,0,OUT_00891
0,0,0,OUT_00892
0,0,0,OUT_00893
0,0,0,OUT_00894
1,0,0,OUT_00895
0,0,0,OUT_00896
1,0,0,OUT_00897
0,0,0,OUT_00898
0,0,0,OUT_00899
0,1,0,OUT_00900
0,0,0,OUT_00901
0,0,0,OUT_00902
2,0,0,OUT_00903
0,0,0,OUT_00904
8,3,10,OUT_00905
0,0,0,OUT_00906
13,1,21,OUT_00907
0,0,0,OUT_00908
4,2,5,OUT_00909
0,0,0,OUT_00910
0,0,0,OUT_00911
1,0,0,OUT_00912
1,0,10,OUT_00913
0,0,0,OUT_00914
0,0,3,OUT_00915
0,0,0,OUT_00916
0,0,0,OUT_00917
0,0,0,OUT_00918
0,0,0,OUT_00919
0,0,0,OUT_00920
0,0,0,OUT_00921
1,0,0,OUT_00922
0,0,0,OUT_00923
14,0,14,OUT_00924
0,0,1,OUT_00925
0,0,0,OUT_00926
5,1,2,OUT_00927
0,0,0,OUT_00928
0,0,0,OUT_00929
0,0,0,OUT_00930
0,0,0,OUT_00931
0,0,0,OUT_00932
0,0,0,OUT_00933
0,0,0,OUT_00934
1,0,0,OUT_00935
0,0,0,OUT_00936
0,0,0,OUT_00937
1,0,0,OUT_00938
0,0,0,OUT_00939
2,1,0,OUT_00940
0,0,0,OUT_00941
0,0,0,OUT_00942
0,0,0,OUT_00943
3,0,0,OUT_00944
0,0,0,OUT_00945
0,0,0,OUT_00946
9,1,13,OUT_00947
0,0,0,OUT_00948
0,0,0,OUT_00949
0,0,0,OUT_00950
24,1,12,OUT_00951
1,1,0,OUT_00952
0,0,0,OUT_00953
2,0,3,OUT_00954
0,0,0,OUT_00955
1,0,1,OUT_00956
0,0,0,OUT_00957
0,0,0,OUT_00958
0,0,0,OUT_00959
0,0,0,OUT_00960
0,0,0,OUT_00961
1,0,2,OUT_00962
4,0,0,OUT_00963
0,0,0,OUT_00964
0,0,0,OUT_00965
1,0,0,OUT_00966
1,0,0,OUT_00967
0,0,3,OUT_00968
0,0,0,OUT_00969
0,0,0,OUT_00970
2,2,6,OUT_00971
0,0,0,OUT_00972
2,0,0,OUT_00973
0,0,12,OUT_00974
0,0,0,OUT_00975
0,0,0,OUT_00976
2,1,0,OUT_00977
0,0,0,OUT_00978
0,0,0,OUT_00979
0,0,0,OUT_00980
0,0,0,OUT_00981
0,0,2,OUT_00982
3,3,0,OUT_00983
0,0,1,OUT_00984
0,0,0,OUT_00985
0,0,0,OUT_00986
1,0,3,OUT_00987
0,0,0,OUT_00988
0,0,1,OUT_00989
0,0,1,OUT_00990
11,3,6,OUT_00991
1,0,0,OUT_00992
0,0,0,OUT_00993
0,0,1,OUT_00994
0,0,0,OUT_00995
1,0,0,OUT_00996
0,0,0,OUT_00997
0,0,0,OUT_00998
0,0,1,OUT_00999
1,0,0,OUT_01000
0,0,0,OUT_01001
1,0,0,OUT_01002
0,0,0,OUT_01003
0,0,0,OUT_01004
0,0,0,OUT_01005
0,0,5,OUT_01006
0,0,0,OUT_01007
0,0,0,OUT_01008
2,0,0,OUT_01009
0,0,0,OUT_01010
0,0,0,OUT_01011
0,0,0,OUT_01012
0,0,0,OUT_01013
0,0,0,OUT_01014
0,0,0,OUT_01015
0,0,0,OUT_01016
0,0,0,OUT_01017
0,0,0,OUT_01018
0,0,2,OUT_01019
0,0,0,OUT_01020
1,0,1,OUT_01021
4,0,0,OUT_01022
0,0,0,OUT_01023
2,0,0,OUT_01024
0,0,2,OUT_01025
0,0,0,OUT_01026
0,0,0,OUT_01027
0,0,0,OUT_01028
0,0,0,OUT_01029
2,0,1,OUT_01030
0,0,0,OUT_01031
0,0,0,OUT_01032
3,0,8,OUT_01033
0,0,0,OUT_01034
2,0,0,OUT_01035
0,0,0,OUT_01036
0,0,0,OUT_01037
0,0,0,OUT_01038
0,0,0,OUT_01039
1,0,0,OUT_01040
1,0,0,OUT_01041
0,0,0,OUT_01042
3,1,0,OUT_01043
0,0,0,OUT_01044
7,2,3,OUT_01045
0,0,0,OUT_01046
2,2,6,OUT_01047
0,0,0,OUT_01048
0,0,1,OUT_01049
0,0,0,OUT_01050
0,0,0,OUT_01051
0,1,0,OUT_01052
0,0,0,OUT_01053
1,0,6,OUT_01054
0,0,0,OUT_01055
0,0,0,OUT_01056
0,0,0,OUT_01057
1,1,0,OUT_01058
0,0,0,OUT_01059
0,0,6,OUT_01060
0,0,0,OUT_01061
0,0,1,OUT_01062
0,0,2,OUT_01063
1,0,0,OUT_01064
0,0,0,OUT_01065
0,0,0,OUT_01066
0,0,0,OUT_01067
0,0,0,OUT_01068
0,0,0,OUT_01069
2,0,0,OUT_01070
0,0,0,OUT_01071
0,0,4,OUT_01072
0,0,3,OUT_01073
2,1,0,OUT_01074
2,0,0,OUT_01075
0,1,1,OUT_01076
0,0,0,OUT_01077
12,4,11,OUT_01078
0,0,0,OUT_01079
0,0,0,OUT_01080
1,0,0,OUT_01081
0,0,0,OUT_01082
0,0,0,OUT_01083
0,0,0,OUT_01084
3,0,0,OUT_01085
0,0,0,OUT_01086
0,0,5,OUT_01087
0,0,0,OUT_01088
0,0,1,OUT_01089
0,0,0,OUT_01090
0,0,0,OUT_01091
0,0,0,OUT_01092
0,0,0,OUT_01093
14,1,16,OUT_01094
1,0,0,OUT_01095
0,0,0,OUT_01096
0,0,0,OUT_01097
0,0,0,OUT_01098
0,0,0,OUT_01099
2,0,3,OUT_01100
4,0,10,OUT_01101
1,0,0,OUT_01102
2,1,1,OUT_01103
0,0,0,OUT_01104
0,0,3,OUT_01105
0,0,0,OUT_01106
0,0,0,OUT_01107
0,0,0,OUT_01108
0,0,0,OUT_01109
0,2,4,OUT_01110
0,0,0,OUT_01111
0,0,0,OUT_01112
0,0,0,OUT_01113
0,0,2,OUT_01114
1,0,0,OUT_01115
0,0,0,OUT_01116
2,0,6,OUT_01117
0,0,0,OUT_01118
0,0,1,OUT_01119
0,0,0,OUT_01120
2,0,3,OUT_01121
0,0,0,OUT_01122
0,0,0,OUT_01123
0,0,0,OUT_01124
0,0,0,OUT_01125
0,0,0,OUT_01126
0,0,0,OUT_01127
0,0,0,OUT_01128
1,1,0,OUT_01129
0,0,0,OUT_01130
1,0,1,OUT_01131
0,0,0,OUT_01132
1,1,5,OUT_01133
0,0,0,OUT_01134
0,0,0,OUT_01135
0,0,0,OUT_01136
0,0,3,OUT_01137
0,0,0,OUT_01138
0,0,0,OUT_01139
0,0,0,OUT_01140
0,0,0,OUT_01141
0,0,0,OUT_01142
0,0,0,OUT_01143
1,0,0,OUT_01144
0,0,1,OUT_01145
2,0,1,OUT_01146
0,0,2,OUT_01147
0,0,0,OUT_01148
0,0,0,OUT_01149
0,0,0,OUT_01150
2,0,0,OUT_01151
0,0,0,OUT_01152
0,0,0,OUT_01153
0,0,0,OUT_01154
0,0,0,OUT_01155
0,0,0,OUT_01156
0,0,0,OUT_01157
0,0,1,OUT_01158
0,0,0,OUT_01159
0,0,0,OUT_01160
0,0,0,OUT_01161
0,0,1,OUT_01162
0,0,0,OUT_01163
3,0,6,OUT_01164
0,0,0,OUT_01165
0,0,0,OUT_01166
3,3,0,OUT_01167
0,0,0,OUT_01168
1,0,0,OUT_01169
0,0,0,OUT_01170
0,0,0,OUT_01171
0,0,0,OUT_01172
0,0,0,OUT_01173
0,0,0,OUT_01174
0,0,0,OUT_01175
1,0,2,OUT_01176
0,0,0,OUT_01177
0,0,0,OUT_01178
0,0,0,OUT_01179
2,0,0,OUT_01180
1,1,1,OUT_01181
0,0,0,OUT_01182
6,1,0,OUT_01183
2,0,2,OUT_01184
0,0,0,OUT_01185
0,0,0,OUT_01186
0,0,0,OUT_01187
0,0,0,OUT_01188
0,0,0,OUT_01189
0,0,0,OUT_01190
0,0,0,OUT_01191
0,0,0,OUT_01192
0,0,0,OUT_01193
0,0,0,OUT_01194
1,0,3,OUT_01195
0,0,0,OUT_01196
2,0,3,OUT_01197
0,0,0,OUT_01198
4,0,1,OUT_01199
0,0,1,OUT_01200
0,0,0,OUT_01201
0,0,0,OUT_01202
1,0,0,OUT_01203
0,0,0,OUT_01204
0,0,0,OUT_01205
0,0,0,OUT_01206
8,0,5,OUT_01207
0,0,0,OUT_01208
0,0,0,OUT_01209
0,0,2,OUT_01210
1,1,1,OUT_01211
0,0,0,OUT_01212
1,0,0,OUT_01213
0,0,4,OUT_01214
0,0,0,OUT_01215
0,0,0,OUT_01216
0,0,0,OUT_01217
1,1,3,OUT_01218
0,0,9,OUT_01219
2,0,0,OUT_01220
1,0,1,OUT_01221
0,0,0,OUT_01222
0,0,0,OUT_01223
0,0,0,OUT_01224
1,1,0,OUT_01225
1,0,3,OUT_01226
0,0,0,OUT_01227
0,0,0,OUT_01228
0,0,0,OUT_01229
0,0,0,OUT_01230
0,0,0,OUT_01231
0,0,0,OUT_01232
0,0,0,OUT_01233
0,0,0,OUT_01234
0,0,0,OUT_01235
6,1,4,OUT_01236
0,0,0,OUT_01237
0,0,0,OUT_01238
0,0,0,OUT_01239
0,0,0,OUT_01240
0,0,0,OUT_01241
0,0,0,OUT_01242
0,0,0,OUT_01243
19,4,16,OUT_01244
9,0,16,OUT_01245
0,0,2,OUT_01246
0,0,0,OUT_01247
0,0,0,OUT_01248
0,0,1,OUT_01249
0,0,0,OUT_01250
0,0,0,OUT_01251
2,3,3,OUT_01252
1,0,0,OUT_01253
0,0,0,OUT_01254
0,0,0,OUT_01255
0,0,0,OUT_01256
1,0,0,OUT_01257
1,0,0,OUT_01258
0,0,0,OUT_01259
0,0,0,OUT_01260
0,1,24,OUT_01261
0,0,0,OUT_01262
0,0,0,OUT_01263
0,1,0,OUT_01264
0,0,0,OUT_01265
0,0,16,OUT_01266
2,0,0,OUT_01267
1,0,0,OUT_01268
0,0,2,OUT_01269
0,0,0,OUT_01270
0,0,0,OUT_01271
5,3,6,OUT_01272
0,0,1,OUT_01273
5,1,0,OUT_01274
0,0,0,OUT_01275
0,0,0,OUT_01276
12,5,12,OUT_01277
2,0,0,OUT_01278
0,0,0,OUT_01279
0,0,0,OUT_01280
0,0,0,OUT_01281
2,0,1,OUT_01282
23,0,11,OUT_01283
3,0,0,OUT_01284
0,0,0,OUT_01285
0,0,5,OUT_01286
0,0,0,OUT_01287
0,0,0,OUT_01288
0,1,0,OUT_01289
0,1,8,OUT_01290
0,0,4,OUT_01291
0,0,0,OUT_01292
4,1,4,OUT_01293
1,0,0,OUT_01294
0,0,0,OUT_01295
0,0,0,OUT_01296
0,0,0,OUT_01297
0,0,0,OUT_01298
0,0,0,OUT_01299
0,0,0,OUT_01300
0,0,0,OUT_01301
0,0,0,OUT_01302
0,0,0,OUT_01303
0,0,0,OUT_01304
0,0,0,OUT_01305
0,0,0,OUT_01306
1,0,2,OUT_01307
0,0,0,OUT_01308
0,0,0,OUT_01309
0,0,0,OUT_01310
0,0,0,OUT_01311
0,0,0,OUT_01312
0,0,1,OUT_01313
0,0,0,OUT_01314
0,0,0,OUT_01315
0,0,0,OUT_01316
0,0,2,OUT_01317
0,0,0,OUT_01318
0,0,0,OUT_01319
0,0,0,OUT_01320
1,0,1,OUT_01321
2,0,12,OUT_01322
1,0,0,OUT_01323
0,0,1,OUT_01324
0,1,0,OUT_01325
0,0,0,OUT_01326
0,0,3,OUT_01327
1,0,0,OUT_01328
2,4,1,OUT_01329
0,0,0,OUT_01330
0,0,0,OUT_01331
0,0,0,OUT_01332
0,0,0,OUT_01333
0,0,1,OUT_01334
0,0,2,OUT_01335
0,0,0,OUT_01336
0,0,0,OUT_01337
0,0,0,OUT_01338
0,0,0,OUT_01339
0,0,0,OUT_01340
0,3,0,OUT_01341
0,0,0,OUT_01342
0,0,0,OUT_01343
0,0,0,OUT_01344
0,0,0,OUT_01345
2,1,17,OUT_01346
1,0,0,OUT_01347
2,0,1,OUT_01348
8,3,15,OUT_01349
1,0,0,OUT_01350
7,2,3,OUT_01351
4,2,11,OUT_01352
0,0,0,OUT_01353
0,0,0,OUT_01354
0,0,0,OUT_01355
1,0,3,OUT_01356
13,0,9,OUT_01357
0,0,0,OUT_01358
1,0,4,OUT_01359
0,0,0,OUT_01360
0,0,0,OUT_01361
1,0,0,OUT_01362
0,0,0,OUT_01363
1,0,0,OUT_01364
0,0,0,OUT_01365
0,0,0,OUT_01366
1,0,15,OUT_01367
0,0,1,OUT_01368
0,0,1,OUT_01369
2,1,0,OUT_01370
0,0,0,OUT_01371
0,0,0,OUT_01372
0,0,0,OUT_01373
0,0,0,OUT_01374
0,0,2,OUT_01375
0,0,0,OUT_01376
0,0,2,OUT_01377
0,0,0,OUT_01378
0,0,0,OUT_01379
4,0,3,OUT_01380
1,0,1,OUT_01381
0,0,0,OUT_01382
0,0,0,OUT_01383
0,0,0,OUT_01384
0,0,0,OUT_01385
1,0,0,OUT_01386
0,0,0,OUT_01387
0,0,0,OUT_01388
0,0,0,OUT_01389
2,1,0,OUT_01390
0,0,0,OUT_01391
0,0,0,OUT_01392
0,0,0,OUT_01393
1,0,8,OUT_01394
0,0,0,OUT_01395
0,0,2,OUT_01396
0,0,0,OUT_01397
0,0,0,OUT_01398
0,0,0,OUT_01399
0,0,0,OUT_01400
0,0,0,OUT_01401
0,0,0,OUT_01402
0,0,0,OUT_01403
0,0,0,OUT_01404
0,0,1,OUT_01405
1,0,8,OUT_01406
0,0,0,OUT_01407
0,0,1,OUT_01408
0,0,0,OUT_01409
0,0,0,OUT_01410
0,1,0,OUT_01411
0,0,1,OUT_01412
1,0,0,OUT_01413
0,0,0,OUT_01414
2,1,1,OUT_01415
0,1,0,OUT_01416
0,0,0,OUT_01417
0,0,0,OUT_01418
0,0,0,OUT_01419
0,0,0,OUT_01420
0,0,8,OUT_01421
0,0,0,OUT_01422
0,0,0,OUT_01423
0,0,1,OUT_01424
3,0,5,OUT_01425
0,0,0,OUT_01426
0,0,0,OUT_01427
0,0,0,OUT_01428
1,0,0,OUT_01429
0,0,0,OUT_01430
0,0,0,OUT_01431
0,0,0,OUT_01432
0,0,0,OUT_01433
0,0,0,OUT_01434
0,0,0,OUT_01435
1,0,0,OUT_01436
0,0,0,OUT_01437
5,1,9,OUT_01438
0,0,0,OUT_01439
5,1,0,OUT_01440
0,0,0,OUT_01441
1,1,0,OUT_01442
0,0,0,OUT_01443
0,0,0,OUT_01444
0,0,0,OUT_01445
2,0,0,OUT_01446
0,0,0,OUT_01447
16,0,5,OUT_01448
0,1,0,OUT_01449
0,0,0,OUT_01450
0,0,0,OUT_01451
0,0,0,OUT_01452
0,0,0,OUT_01453
2,0,1,OUT_01454
0,0,0,OUT_01455
0,0,0,OUT_01456
1,0,1,OUT_01457
0,0,0,OUT_01458
0,0,0,OUT_01459
2,1,0,OUT_01460
3,1,0,OUT_01461
0,0,0,OUT_01462
0,0,0,OUT_01463
1,0,0,OUT_01464
0,0,0,OUT_01465
1,0,0,OUT_01466
0,0,0,OUT_01467
0,0,0,OUT_01468
0,0,4,OUT_01469
0,0,0,OUT_01470
0,0,0,OUT_01471
1,0,0,OUT_01472
1,2,0,OUT_01473
0,0,0,OUT_01474
0,0,0,OUT_01475
0,0,0,OUT_01476
17,2,17,OUT_01477
0,0,0,OUT_01478
0,0,0,OUT_01479
0,0,0,OUT_01480
0,0,0,OUT_01481
0,0,0,OUT_01482
0,0,0,OUT_01483
0,0,0,OUT_01484
0,0,0,OUT_01485
0,0,0,OUT_01486
0,0,0,OUT_01487
14,2,12,OUT_01488
0,0,0,OUT_01489
0,0,0,OUT_01490
1,1,0,OUT_01491
0,0,0,OUT_01492
0,0,0,OUT_01493
2,0,0,OUT_01494
33,5,15,OUT_01495
0,0,0,OUT_01496
0,0,0,OUT_01497
0,0,0,OUT_01498
10,1,21,OUT_01499
0,0,0,OUT_01500
1,0,0,OUT_01501
2,1,0,OUT_01502
0,0,0,OUT_01503
0,0,0,OUT_01504
0,0,0,OUT_01505
1,0,1,OUT_01506
1,0,0,OUT_01507
1,0,0,OUT_01508
2,0,0,OUT_01509
0,0,0,OUT_01510
1,0,0,OUT_01511
3,1,11,OUT_01512
0,0,0,OUT_01513
0,0,0,OUT_01514
0,0,0,OUT_01515
0,0,11,OUT_01516
1,0,0,OUT_01517
0,0,1,OUT_01518
0,0,0,OUT_01519
1,2,4,OUT_01520
0,0,1,OUT_01521
0,0,1,OUT_01522
0,0,0,OUT_01523
0,0,0,OUT_01524
0,0,2,OUT_01525
0,0,0,OUT_01526
0,0,0,OUT_01527
1,0,1,OUT_01528
0,0,0,OUT_01529
0,0,0,OUT_01530
0,0,0,OUT_01531
0,0,0,OUT_01532
0,1,0,OUT_01533
2,0,0,OUT_01534
0,0,0,OUT_01535
0,0,0,OUT_01536
0,0,0,OUT_01537
0,0,0,OUT_01538
0,0,0,OUT_01539
1,0,0,OUT_01540
2,0,1,OUT_01541
0,0,0,OUT_01542
0,0,0,OUT_01543
0,0,0,OUT_01544
0,0,0,OUT_01545
10,0,5,OUT_01546
0,0,0,OUT_01547
0,0,0,OUT_01548
0,0,0,OUT_01549
0,0,0,OUT_01550
1,0,0,OUT_01551
0,0,0,OUT_01552
3,1,1,OUT_01553
0,2,0,OUT_01554
0,0,0,OUT_01555
1,0,5,OUT_01556
0,0,0,OUT_01557
0,0,0,OUT_01558
1,0,1,OUT_01559
0,0,0,OUT_01560
1,0,0,OUT_01561
0,0,0,OUT_01562
0,1,0,OUT_01563
0,1,0,OUT_01564
0,0,0,OUT_01565
0,0,0,OUT_01566
0,0,0,OUT_01567
1,0,0,OUT_01568
0,0,0,OUT_01569
0,0,0,OUT_01570
0,0,0,OUT_01571
0,0,1,OUT_01572
0,0,0,OUT_01573
0,0,0,OUT_01574
0,0,0,OUT_01575
0,0,0,OUT_01576
0,0,0,OUT_01577
0,0,0,OUT_01578
0,0,0,OUT_01579
0,0,0,OUT_01580
2,0,0,OUT_01581
0,0,0,OUT_01582
0,0,0,OUT_01583
0,0,0,OUT_01584
0,0,0,OUT_01585
1,0,0,OUT_01586
2,0,5,OUT_01587
1,1,0,OUT_01588
1,3,0,OUT_01589
0,0,0,OUT_01590
7,0,1,OUT_01591
0,0,0,OUT_01592
9,0,5,OUT_01593
0,0,0,OUT_01594
0,0,0,OUT_01595
0,0,1,OUT_01596
2,0,0,OUT_01597
0,0,0,OUT_01598
1,0,0,OUT_01599
2,0,0,OUT_01600
1,0,1,OUT_01601
0,0,0,OUT_01602
0,0,6,OUT_01603
0,0,0,OUT_01604
0,0,0,OUT_01605
0,0,0,OUT_01606
0,0,0,OUT_01607
0,0,0,OUT_01608
0,0,0,OUT_01609
1,3,2,OUT_01610
0,0,0,OUT_01611
0,0,0,OUT_01612
0,1,0,OUT_01613
0,0,0,OUT_01614
0,0,0,OUT_01615
3,1,0,OUT_01616
1,0,0,OUT_01617
0,0,0,OUT_01618
1,0,1,OUT_01619
1,1,0,OUT_01620
0,0,0,OUT_01621
0,0,1,OUT_01622
0,0,0,OUT_01623
0,0,0,OUT_01624
0,0,1,OUT_01625
0,0,0,OUT_01626
0,0,0,OUT_01627
0,0,1,OUT_01628
1,0,0,OUT_01629
0,0,0,OUT_01630
1,0,11,OUT_01631
0,0,0,OUT_01632
0,0,0,OUT_01633
2,0,0,OUT_01634
1,0,0,OUT_01635
0,0,0,OUT_01636
0,0,0,OUT_01637
0,0,0,OUT_01638
0,0,1,OUT_01639
0,0,0,OUT_01640
0,0,0,OUT_01641
0,0,0,OUT_01642
2,0,12,OUT_01643
0,0,0,OUT_01644
1,0,1,OUT_01645
0,0,0,OUT_01646
0,0,0,OUT_01647
4,1,1,OUT_01648
0,0,0,OUT_01649
1,0,0,OUT_01650
0,0,0,OUT_01651
1,0,0,OUT_01652
0,0,0,OUT_01653
0,0,0,OUT_01654
0,0,0,OUT_01655
0,0,0,OUT_01656
0,0,0,OUT_01657
1,1,0,OUT_01658
0,0,0,OUT_01659
32,6,11,OUT_01660
1,0,0,OUT_01661
1,0,0,OUT_01662
0,0,0,OUT_01663
0,0,0,OUT_01664
0,0,0,OUT_01665
0,0,0,OUT_01666
0,0,0,OUT_01667
2,0,0,OUT_01668
0,0,1,OUT_01669
0,0,0,OUT_01670
0,0,0,OUT_01671
0,0,0,OUT_01672
1,0,2,OUT_01673
0,0,0,OUT_01674
0,0,0,OUT_01675
0,0,0,OUT_01676
0,0,0,OUT_01677
0,0,0,OUT_01678
0,0,0,OUT_01679
0,0,0,OUT_01680
0,0,0,OUT_01681
1,0,1,OUT_01682
0,0,0,OUT_01683
0,0,0,OUT_01684
0,0,0,OUT_01685
0,0,0,OUT_01686
0,1,1,OUT_01687
0,0,0,OUT_01688
0,0,0,OUT_01689
1,0,0,OUT_01690
0,0,0,OUT_01691
1,0,0,OUT_01692
0,0,0,OUT_01693
0,0,0,OUT_01694
0,0,0,OUT_01695
0,0,0,OUT_01696
0,0,2,OUT_01697
0,0,0,OUT_01698
0,0,0,OUT_01699
2,2,0,OUT_01700
5,0,0,OUT_01701
1,0,2,OUT_01702
0,0,0,OUT_01703
0,0,0,OUT_01704
0,0,0,OUT_01705
0,0,0,OUT_01706
0,0,0,OUT_01707
1,1,0,OUT_01708
11,0,9,OUT_01709
0,0,0,OUT_01710
1,0,0,OUT_01711
2,0,0,OUT_01712
0,0,0,OUT_01713
0,0,0,OUT_01714
1,1,1,OUT_01715
0,0,0,OUT_01716
0,0,8,OUT_01717
0,0,5,OUT_01718
0,0,0,OUT_01719
0,0,0,OUT_01720
0,0,0,OUT_01721
0,0,0,OUT_01722
0,0,0,OUT_01723
0,0,0,OUT_01724
0,0,2,OUT_01725
2,0,0,OUT_01726
0,0,0,OUT_01727
0,0,0,OUT_01728
1,1,2,OUT_01729
3,1,3,OUT_01730
0,0,0,OUT_01731
0,0,0,OUT_01732
0,0,0,OUT_01733
0,0,0,OUT_01734
0,0,0,OUT_01735
0,0,0,OUT_01736
0,0,0,OUT_01737
0,0,1,OUT_01738
1,0,0,OUT_01739
1,1,0,OUT_01740
0,0,15,OUT_01741
0,0,1,OUT_01742
0,0,0,OUT_01743
0,0,0,OUT_01744
1,0,0,OUT_01745
2,3,0,OUT_01746
25,1,14,OUT_01747
0,0,0,OUT_01748
0,0,0,OUT_01749
0,0,0,OUT_01750
0,0,0,OUT_01751
2,0,0,OUT_01752
8,1,6,OUT_01753
0,0,0,OUT_01754
3,1,1,OUT_01755
0,0,1,OUT_01756
0,0,0,OUT_01757
0,0,0,OUT_01758
0,0,1,OUT_01759
0,0,0,OUT_01760
0,0,0,OUT_01761
0,0,0,OUT_01762
0,0,1,OUT_01763
10,2,9,OUT_01764
2,1,11,OUT_01765
0,1,0,OUT_01766
0,0,0,OUT_01767
0,0,0,OUT_01768
0,0,0,OUT_01769
0,0,0,OUT_01770
0,0,0,OUT_01771
0,0,0,OUT_01772
0,0,0,OUT_01773
0,0,0,OUT_01774
0,1,0,OUT_01775
3,0,6,OUT_01776
0,1,0,OUT_01777
0,0,0,OUT_01778
1,0,0,OUT_01779
14,1,10,OUT_01780
0,0,0,OUT_01781
0,0,0,OUT_01782
1,0,0,OUT_01783
28,5,17,OUT_01784
0,0,0,OUT_01785
0,0,0,OUT_01786
0,0,0,OUT_01787
0,0,0,OUT_01788
2,1,5,OUT_01789
0,0,0,OUT_01790
0,0,0,OUT_01791
0,0,0,OUT_01792
0,0,0,OUT_01793
0,0,0,OUT_01794
0,0,0,OUT_01795
1,0,10,OUT_01796
0,1,0,OUT_01797
0,0,0,OUT_01798
0,0,0,OUT_01799
0,0,1,OUT_01800
0,0,0,OUT_01801
2,3,0,OUT_01802
3,0,0,OUT_01803
0,0,0,OUT_01804
0,0,0,OUT_01805
0,0,0,OUT_01806
8,2,10,OUT_01807
0,0,0,OUT_01808
0,0,0,OUT_01809
0,0,0,OUT_01810
0,0,0,OUT_01811
0,0,0,OUT_01812
0,0,0,OUT_01813
0,0,0,OUT_01814
0,0,3,OUT_01815
2,0,0,OUT_01816
0,0,0,OUT_01817
0,0,0,OUT_01818
0,0,0,OUT_01819
2,1,0,OUT_01820
0,0,0,OUT_01821
1,0,0,OUT_01822
0,0,3,OUT_01823
0,0,0,OUT_01824
1,1,13,OUT_01825
0,0,0,OUT_01826
2,0,8,OUT_01827
0,1,0,OUT_01828
0,0,0,OUT_01829
0,0,0,OUT_01830
0,1,0,OUT_01831
0,0,0,OUT_01832
0,0,0,OUT_01833
0,0,0,OUT_01834
0,0,0,OUT_01835
0,0,0,OUT_01836
0,0,0,OUT_01837
2,0,14,OUT_01838
0,0,4,OUT_01839
1,1,0,OUT_01840
0,0,0,OUT_01841
0,0,0,OUT_01842
1,1,0,OUT_01843
2,3,0,OUT_01844
0,0,0,OUT_01845
2,0,2,OUT_01846
0,0,0,OUT_01847
0,0,0,OUT_01848
0,0,0,OUT_01849
0,0,0,OUT_01850
1,0,4,OUT_01851
0,0,0,OUT_01852
0,0,10,OUT_01853
0,0,0,OUT_01854
0,0,0,OUT_01855
0,0,0,OUT_01856
7,2,2,OUT_01857
0,0,0,OUT_01858
2,0,0,OUT_01859
1,1,0,OUT_01860
0,0,1,OUT_01861
0,0,0,OUT_01862
0,0,0,OUT_01863
0,0,0,OUT_01864
0,0,1,OUT_01865
0,0,2,OUT_01866
0,0,0,OUT_01867
2,0,7,OUT_01868
0,0,0,OUT_01869
0,0,0,OUT_01870
0,0,0,OUT_01871
1,0,0,OUT_01872
0,0,0,OUT_01873
0,0,0,OUT_01874
8,0,5,OUT_01875
0,0,0,OUT_01876
11,0,10,OUT_01877
19,4,30,OUT_01878
1,0,0,OUT_01879
0,1,0,OUT_01880
0,0,1,OUT_01881
2,1,0,OUT_01882
2,2,2,OUT_01883
0,0,1,OUT_01884
0,0,0,OUT_01885
18,1,21,OUT_01886
2,0,8,OUT_01887
0,0,0,OUT_01888
0,0,0,OUT_01889
0,0,0,OUT_01890
0,0,0,OUT_01891
0,0,0,OUT_01892
0,0,0,OUT_01893
6,2,0,OUT_01894
5,1,0,OUT_01895
0,0,0,OUT_01896
0,0,0,OUT_01897
1,0,0,OUT_01898
0,0,0,OUT_01899
0,0,0,OUT_01900
