school_distances_m,hospital_distances_m,transit_distances_m,competitor_distances_m,Outlet_ID
"[1556.0, 1407.7, 1877.9, 1247.0, 1343.6]",[],[],"[1898.4, 1930.9, 1773.9, 1808.0, 562.8, 1401.6, 1719.4]",OUT_00001
[758.1],[],[],[1545.8],OUT_00002
[],[],[],[1931.5],OUT_00003
[],[],[],[],OUT_00004
"[826.6, 1613.3, 1355.3, 1163.3]",[1086.7],[1254.1],"[1221.0, 901.3, 953.3, 1056.9]",OUT_00005
[1979.9],[],"[1591.2, 1515.8, 1548.5, 1616.9, 1641.3]",[],OUT_00006
[],[],[],[],OUT_00007
[],[],[],[],OUT_00008
[1235.4],[],[],[],OUT_00009
"[1474.1, 718.3, 1232.2, 1958.3, 1817.6, 1790.2, 1481.2, 1675.3, 1703.3, 1736.4, 1151.9, 1569.4, 1698.4, 1436.5, 1009.4, 1064.5, 1186.1, 1242.9, 1047.5, 933.5, 1526.6, 1441.6, 1166.4, 1224.5, 1277.8, 1950.5, 1788.0, 1760.4, 1818.0, 1548.3, 1007.8, 812.5, 551.0, 1142.2, 1508.7, 377.9, 1809.3, 1908.5, 1780.0, 1011.0, 436.6, 1714.6, 1757.2, 1408.5, 1615.6, 1240.7, 764.7, 1054.2, 719.9, 1928.4, 1481.6, 766.1, 1931.2, 890.8, 1474.0, 1008.0, 1052.6, 1065.9, 1561.5, 1386.0, 1207.6, 1637.2, 1521.8, 1398.9, 1473.5, 473.4, 1403.0, 1409.6, 1751.6, 1922.0, 1468.4]","[1957.1, 742.6, 828.5, 1183.0, 1415.6, 1886.6, 1158.5, 1204.9, 863.7, 1127.8, 831.9, 1484.4, 667.0, 1584.7, 1037.5, 1294.8]","[1730.8, 1801.8, 1750.8, 1476.5, 369.0, 595.4, 551.8, 720.1, 439.5, 757.4, 477.7, 827.6, 658.5, 430.0, 1390.3, 477.0, 288.8, 1650.7, 1823.3, 1055.0, 450.1, 788.0, 448.5, 1512.6, 1208.3, 1713.8, 1854.0, 1829.3, 1893.1, 697.3, 1386.8, 1935.8, 1669.2, 1539.2, 1683.9, 1438.7, 1705.3, 1904.1, 1471.2, 1159.2, 1718.7, 688.4, 943.0, 453.8, 813.6, 1308.4, 926.5, 1429.6, 1946.4, 1497.0, 664.1, 358.1, 1593.4, 1601.0, 1477.1, 1446.8, 1422.9, 1401.4, 1431.4, 1477.7, 1664.1, 1674.0, 1886.7, 1880.9, 1694.2, 1618.5, 1479.3, 588.6, 1540.2, 1109.5, 1956.4, 1875.3, 1783.4, 178.4, 1867.0, 1144.8, 1150.2]","[1117.2, 1213.6, 1237.6, 1289.1, 1612.1, 1372.6, 1721.3, 580.6, 1282.3, 932.9, 1171.1, 759.6, 1149.4, 712.8, 1738.6, 1399.4, 1552.2, 702.0, 1246.9, 1142.3, 930.1, 1374.9, 1640.7, 1756.5, 1346.6, 1338.2, 1339.6, 597.9, 1870.3, 1445.8, 857.6, 1877.9, 941.2, 1382.1, 1414.1, 954.4, 1257.1, 860.6, 1373.9]",OUT_00010
[],[],[],"[1993.5, 1987.8]",OUT_00011
[],[],[],[],OUT_00012
[],[],"[774.3, 1484.2, 1182.3, 1024.5, 574.9, 1093.6, 1494.2, 1983.3, 551.1, 1750.6, 494.2, 1110.1, 1367.4, 1109.3, 1658.7, 629.6, 1498.0, 1951.1]","[1048.1, 1043.5, 875.8]",OUT_00013
"[897.8, 1395.0, 1752.3, 1867.5, 858.6, 1169.9, 1054.3, 1028.8]",[1840.5],"[1982.5, 1889.4, 1249.9]",[],OUT_00014
[1982.5],[],[],[],OUT_00015
[],[],[],[],OUT_00016
"[1945.9, 1753.9, 1512.4, 1276.5, 1099.0, 824.5]",[],"[1247.9, 1534.7, 1622.6, 1821.1, 1871.5]","[1092.0, 1238.1, 1159.8]",OUT_00017
[],[],[],[],OUT_00018
[],[],[],[],OUT_00019
[],[933.1],[],[],OUT_00020
[1672.6],[],[],[734.9],OUT_00021
[1536.8],[1057.0],[],[1757.0],OUT_00022
"[739.3, 1594.7, 1135.3]",[1505.3],[],"[1065.3, 1032.5, 1572.7, 1964.2, 1735.2]",OUT_00023
[1244.7],[],[],[1274.9],OUT_00024
[],[],[],[],OUT_00025
"[486.1, 1174.5, 1647.5, 498.5, 1596.9, 1891.9, 1447.7, 1123.3, 1795.4, 1006.6, 603.9, 922.8, 1637.0, 895.4, 801.5, 861.1, 1396.9, 1907.2, 619.7, 883.8, 1973.3, 1665.8, 1187.2, 834.8, 839.1, 1126.7, 1589.5, 1944.3, 1861.4, 1584.3, 1289.4, 1084.7, 1033.6, 87.5, 85.9, 833.4, 1228.9, 1199.1]","[860.2, 1322.9, 1272.7, 1742.2]","[1236.8, 1406.5, 1089.4, 892.0, 842.4, 440.7, 227.2, 419.9, 988.3, 1004.7, 2001.3, 817.9, 801.0, 861.7, 1716.9, 1713.8, 254.2, 893.6, 951.0, 1949.1, 1870.8, 1824.9, 1668.3, 1677.6, 1384.4, 1371.6, 849.3, 390.7, 1867.3, 1948.5, 1832.3, 1959.5, 1058.0, 1026.7, 1410.8, 1908.0]","[374.7, 1394.0, 1431.1, 1925.0, 889.8, 1841.1, 1371.5, 1875.2, 1287.8, 1315.8, 1852.2, 1541.4, 1023.7, 1057.3, 297.4, 1449.6, 864.6, 1067.3, 970.3, 1196.3, 1245.2, 432.8, 322.9, 534.0, 1097.6, 1395.7, 1371.3, 1153.1, 1666.5, 1125.9, 286.9, 753.8, 1035.8, 361.0, 1169.7, 1323.2, 787.3, 1130.9]",OUT_00026
[],[],[],[],OUT_00027
[],[],[],[],OUT_00028
"[1708.0, 1548.8, 540.8, 543.8, 1226.2, 1067.4, 1226.4, 1984.6, 1581.2, 1648.7, 552.5, 1847.1, 1901.0, 1435.6, 1304.2, 679.6]","[1754.0, 865.2, 687.0, 1126.4]","[1809.4, 1794.3, 1485.9, 1777.8, 1368.7, 1788.3, 1884.6, 1921.7, 1851.7, 1788.4, 1643.1, 1170.7, 1530.3, 1093.0, 844.9, 977.3, 1150.3, 1285.1, 1482.8]","[1788.2, 1422.4, 1488.2, 1594.2, 1592.3, 1667.3, 1270.3, 1767.6, 1688.6, 1509.2, 1885.3, 1917.4, 700.9]",OUT_00029
[],[],[],[],OUT_00030
[],[],[],[],OUT_00031
[1382.3],[],"[934.0, 974.4, 1135.1, 1188.1, 1891.2, 1591.6, 1991.5, 1462.1, 1690.1, 1013.2, 1003.9, 1360.4, 951.7, 1548.0, 959.2, 1963.6, 599.9]",[],OUT_00032
[],[],[1578.4],[],OUT_00033
[838.0],[],[],"[1702.4, 1646.5, 1833.6, 1534.1]",OUT_00034
[1391.0],[],[],[],OUT_00035
[],[],[],[],OUT_00036
[],[],[],[],OUT_00037
[],[],[],[],OUT_00038
[],[],[],[1579.7],OUT_00039
"[1831.2, 1260.7, 1922.4, 1279.7, 1306.6, 1508.3, 827.8, 875.0, 1301.8, 1587.8, 1354.8, 691.2, 1994.1, 982.5, 1587.8, 1950.3, 796.4, 1687.5, 1076.7, 943.4, 1645.1, 1617.3, 1696.5, 1921.4, 1658.5, 1738.5, 1606.8, 1458.8, 1446.2, 770.8]","[1962.1, 1487.6, 1876.9]","[1418.9, 934.3, 1641.7, 1629.5, 1619.0, 1845.2, 1535.0, 1529.5, 1592.0, 874.8, 909.7, 1624.0, 1958.2, 1617.9, 896.2, 1543.3, 1941.7, 1955.4, 1559.0, 1542.0, 892.9, 1434.9, 1793.6, 1018.3, 1785.6, 1646.5, 1689.1, 762.8, 775.9]","[1517.3, 1587.2, 1599.5, 1979.5, 882.0, 924.2, 740.7, 954.8, 1872.7, 1371.9, 990.8, 1430.7, 785.8, 897.1, 1237.9, 633.9, 466.2, 1119.8, 1627.6, 1838.2, 1482.0, 1342.3, 1129.9, 802.8, 1650.7, 1522.5, 1983.1, 1633.6, 1541.9, 971.0, 819.8, 1543.8, 1800.0, 1724.5, 1506.6, 914.1, 711.6]",OUT_00040
[],[],[],[],OUT_00041
[1809.0],[],[],[1935.4],OUT_00042
"[1514.2, 1752.3]",[],[1871.6],"[1932.7, 1754.3, 1269.0, 832.2, 1785.8, 1964.9, 1953.4, 1468.9, 1427.3, 1179.2]",OUT_00043
"[957.0, 770.4, 867.2, 1136.6, 572.2, 627.5, 1894.2, 1811.2, 1978.8, 1133.4, 2001.5, 1341.7, 1956.8, 1865.1, 1382.3, 1041.4, 1318.2, 1382.9, 1462.0, 1115.8, 1119.9, 882.8, 1748.3, 1010.2, 1087.2, 510.7, 1267.0, 1251.0, 1291.3, 627.9, 842.5, 851.5, 1128.1, 1037.4, 1064.1]",[1447.9],"[1113.3, 1482.8, 1868.4, 1710.7, 1994.1, 1497.9, 1904.5, 534.5, 1507.7, 1499.0, 906.8, 1295.6, 1764.5, 1289.4, 1122.1, 1481.8, 792.1, 1010.1, 316.3, 856.2, 1039.6, 347.1, 1288.4, 1440.0, 1518.0, 1982.1, 1955.8, 1496.5, 1884.9, 1658.1, 1336.3, 1559.3, 1400.6, 1594.5, 1707.8, 1975.0, 1560.6, 1524.7]","[1668.3, 1590.3, 1618.8, 1716.2, 832.3, 658.2, 1783.1, 1338.2, 1641.9, 1766.6, 981.0, 877.1, 1137.8]",OUT_00044
"[223.4, 339.3, 724.0, 1473.5]",[],"[1682.1, 1027.6, 279.2, 391.5, 832.1]",[897.7],OUT_00045
[1138.1],[],[],[],OUT_00046
"[1660.9, 803.8, 1945.7, 1630.3]",[],"[1610.7, 1340.3]","[1951.9, 1328.9, 1459.5, 1881.4, 1107.2, 1982.3, 1309.3, 1308.7, 1568.4]",OUT_00047
[260.3],[],[1655.9],"[346.9, 664.7, 1156.0]",OUT_00048
[957.8],[],[],"[1447.1, 1217.2, 1837.2]",OUT_00049
"[1955.9, 1634.2]",[],"[799.4, 1529.5, 1350.9, 626.9, 1059.4, 1522.9]",[],OUT_00050
"[1779.3, 1653.9, 1520.3, 1815.9, 1869.8, 1724.7, 1993.9]","[1581.7, 1648.0]","[1666.3, 1383.9, 1445.6, 1488.3, 1407.3, 1244.6, 1253.0, 1923.5, 1898.6, 1874.0, 1838.3, 1855.3, 1822.9, 1507.4, 1702.8, 1836.7, 1669.2, 1844.8, 1227.6, 1509.6, 1251.8, 1387.3, 1398.4]","[1542.8, 1330.1, 1279.6, 1512.0, 1832.6, 315.2, 1251.1, 1989.1]",OUT_00051
[],[],[],[],OUT_00052
[1510.9],[],[1493.5],[],OUT_00053
"[1205.0, 330.0, 581.0, 1875.8]",[1201.2],[1242.8],"[1586.7, 1287.1, 1313.4, 1742.8, 1280.7, 985.8, 1264.5]",OUT_00054
[655.4],[],[],[514.7],OUT_00055
[],[347.2],[],[],OUT_00056
[],[],[],[],OUT_00057
[],[],[],[],OUT_00058
"[1829.6, 1101.6, 1100.3]",[],[],"[1433.8, 1602.7, 1638.5]",OUT_00059
[1997.3],[],"[735.5, 1999.7]","[1975.1, 1182.1]",OUT_00060
[],[1935.8],[1189.5],[],OUT_00061
"[658.9, 1484.2, 1724.5, 1196.6, 1309.7, 1941.8, 1615.9, 1110.4, 1686.5, 1241.9]","[1284.6, 1438.1, 1450.4]","[1330.2, 1871.2, 1360.5, 1640.9, 1761.2, 1432.3, 1680.1, 1514.4, 1836.8]","[1707.0, 1613.0, 1491.5, 1922.8, 1346.9, 1327.1, 1424.0]",OUT_00062
[],[],[],[],OUT_00063
[],[],[],[],OUT_00064
[],[],[],"[1956.6, 1931.4, 1617.2]",OUT_00065
"[1628.0, 1357.5, 1963.3]",[],[],"[1806.2, 1650.8, 1670.1, 1714.8, 1865.4]",OUT_00066
[],[],[],[],OUT_00067
[],[],[],[],OUT_00068
"[1280.5, 1683.4, 1497.2, 875.8, 289.0, 296.6]",[1627.8],"[1251.6, 1257.0, 1382.3, 1358.8, 1381.5, 1742.4, 1687.7]","[1411.0, 1222.3, 1732.7, 1574.3, 1265.2, 1434.4]",OUT_00069
"[204.7, 1126.9, 891.1, 1613.4, 1439.0, 1674.0, 1052.3, 1638.6, 1185.7, 1589.5, 1568.5]","[683.4, 1293.4, 1049.6]","[600.2, 1662.9, 611.7, 1310.9, 1471.2, 906.4, 1982.1, 1348.6, 680.1]","[1408.0, 785.0, 1080.1, 1744.3, 671.5, 615.8, 1033.7]",OUT_00070
[1764.3],[],[976.5],[1568.0],OUT_00071
"[1541.4, 1409.4, 1242.0, 1653.6, 1771.8, 1945.6, 1083.6, 1806.0, 1721.4, 1637.5]",[1130.1],[],"[1274.1, 1146.2, 1126.2, 1276.6, 1154.5, 1553.2, 1255.2]",OUT_00072
[],[],[1905.8],[],OUT_00073
"[607.8, 1525.4, 1331.3, 1846.6, 908.8]",[],"[1005.7, 1287.2, 1837.6, 1496.1, 548.5, 784.0, 1191.1, 600.2, 462.8, 807.0, 1743.2, 556.3, 1290.0, 807.3, 1744.8, 822.6, 1915.6, 1934.1]","[697.3, 1032.1, 788.8, 1486.4, 1440.5, 1183.9]",OUT_00074
[],[],[],[],OUT_00075
"[1991.7, 1292.6]",[],[89.4],[399.5],OUT_00076
"[1701.9, 1870.8]",[],[],"[1969.0, 1882.1, 1993.5, 1850.4]",OUT_00077
"[1829.2, 437.4]",[],"[1695.4, 1692.9, 1395.2, 1956.1, 1949.1, 1263.4, 1209.3, 1555.2, 1515.8, 1282.9, 1232.6, 1127.2, 1013.1, 620.1, 596.2, 1548.4, 1997.0, 1788.3, 1982.7, 208.9, 274.4, 1011.1, 537.3, 620.4, 317.2, 362.2, 1185.7, 531.8, 827.5, 900.6, 234.7, 202.7, 692.4, 749.6, 473.8, 1157.3, 926.3, 1911.3, 1915.1]","[1927.9, 363.8, 1996.6, 1164.0, 364.8, 1901.4, 1661.8]",OUT_00078
[587.4],[],[],[],OUT_00079
[],[1498.6],[],"[1447.8, 1083.6]",OUT_00080
[],[],[1918.5],[1443.9],OUT_00081
"[1297.1, 408.1, 957.5, 1293.6, 1776.6]",[1567.0],"[1421.7, 1816.4]","[1887.0, 706.5, 1112.8, 804.5, 1483.6]",OUT_00082
[],[],[1995.5],[],OUT_00083
[1617.4],[],"[1131.2, 1180.6, 1386.1, 1138.9, 1787.6, 1829.8, 1387.5, 1607.7, 986.9, 1183.9, 1947.0, 1651.5, 1075.4, 1848.3, 1015.1, 722.3]",[],OUT_00084
[],[],[],[],OUT_00085
"[1548.4, 592.8, 1872.6]",[],[1199.5],[1566.1],OUT_00086
[],[],[1306.9],[1885.3],OUT_00087
[1292.6],[],"[1909.2, 1395.4, 1264.7]","[1960.1, 1888.7, 1528.9]",OUT_00088
"[1929.8, 757.8]",[],"[1180.5, 1929.4, 1567.0, 1591.4, 993.3, 1266.9, 1115.1, 1035.5, 1023.9, 1960.1, 1232.6, 1601.4, 1324.4, 810.7, 951.7, 1792.7, 1007.0, 1341.1, 1905.2, 1973.5, 1541.6, 808.2]",[],OUT_00089
[],[],[],[],OUT_00090
[1599.1],[],"[1465.5, 1151.2, 831.7]",[],OUT_00091
[],[],[],[],OUT_00092
"[1307.1, 940.4]",[1141.6],[],"[1776.4, 1780.0, 1547.4]",OUT_00093
"[1637.1, 1300.9, 1890.0, 1702.9, 1434.3, 1401.6, 1264.9, 716.5, 1942.4, 467.9, 1840.3, 1351.4, 1747.2, 1983.2, 1907.2, 1726.5, 1855.3, 1887.2, 1042.2, 1997.6, 703.5, 1674.6, 1734.8, 1019.5, 1547.3, 1816.0, 1277.6, 1405.3, 1758.6, 1154.4, 1582.7, 1260.3, 1682.9, 1773.4, 1999.7, 1741.2, 1711.5, 1632.4, 1075.7, 1179.7, 1339.1, 1320.1, 1382.5, 1781.7, 1767.4, 1056.3]","[1031.5, 1455.1, 1696.1, 1007.8, 1494.2, 179.7, 481.0, 1778.9]","[1819.8, 1057.5, 1794.1, 1522.7, 1401.4, 1362.5, 1609.2, 1739.9, 1287.4, 1626.2, 1660.9, 515.9, 1705.4, 1925.6, 1894.5, 1876.3, 1823.5, 1822.5, 1840.6, 1842.0, 1772.7, 1558.6, 1093.6, 1488.9, 1572.1, 975.4, 988.1, 1197.2, 1844.0, 985.2, 932.3, 1976.5, 1767.7, 1372.8, 1152.3, 219.8, 774.4]","[795.7, 1734.4, 1826.9, 1853.6, 1785.9, 1401.6, 1561.2, 210.3, 1884.3, 1099.5, 1198.1, 1732.5, 1617.2, 1806.0, 1634.0, 1715.3, 1434.5, 1547.4, 1652.8, 1926.7, 1361.3, 1424.3, 1825.4, 752.5, 1151.4, 1985.7, 1819.9, 1168.8]",OUT_00094
[1871.1],[],[],[],OUT_00095
[],[],[],[],OUT_00096
[1764.4],"[1399.6, 1436.8, 1377.6]","[1998.3, 1986.6]",[1974.6],OUT_00097
[1919.6],[],[1928.1],[],OUT_00098
"[397.4, 1971.2, 1090.5, 1166.5]",[],"[862.0, 770.6, 1012.7, 436.6, 590.4, 653.4, 658.5, 615.2, 1562.0, 1402.3, 1987.4, 1813.5, 1759.6, 1429.0, 1617.0]","[802.2, 791.8, 1219.2, 1121.2, 1437.1, 1421.4]",OUT_00099
"[1511.9, 652.2, 257.8, 1874.0, 1614.2, 1668.8]",[1853.4],"[99.8, 867.2, 1910.0, 1575.2, 1240.0, 537.7, 596.7, 1284.2, 866.0, 1629.0, 868.3, 90.5, 542.0, 1279.6, 1281.1, 862.1, 593.8, 1959.9, 1277.7, 1625.1, 1881.8]","[1694.8, 1869.7, 541.0, 274.4, 833.6, 1673.8, 1087.9]",OUT_00100
